Title,Description,Price,Quantity,Tags,Materials,Shop Section,Image 1 URL,Image 2 URL,Image 3 URL
"Mid-Century Bauhaus & Modernism - Intersecting geometric quadrants No. 7 | Framed Wall Art, Mid-Century Bauhaus & Modernism Canvas Print, Li","Mid-Century Bauhaus & Modernism - Intersecting geometric quadrants No. 7 | Framed Wall Art, Mid-Century Bauhaus & Modernism Canvas Print, Living Room Decor

Transform your living space with Mid-Century Bauhaus & Modernism - Intersecting geometric quadrants No. 7. Printed on museum-grade heavyweight matte paper and encased in premium solid wood frames.

SPECIFICATIONS & CRAFTSMANSHIP:
• Paper: 250 gsm museum-grade archival matte paper
• Framing: Handcrafted FSC-certified solid natural oak wood
• Printing: 12-color fade-resistant Giclée pigment inks
• 72-Hour Delivery: Printed and framed locally in 32 global hubs

STYLING ADVICE:
Ideal as a statement hero piece above a sofa or headboard. Harmonizes beautifully with neutral boucle fabrics, natural wood accents, and warm ambient lighting.
",110.0,999,"mid-century bauhaus & modernism wall art, framed canvas print, modern living room art, large statement art, neutral home decor, gallery wall art, bedroom wall decor, minimalist poster, terracotta art print, fine art giclee, sustainable wall art","Solid Natural Oak, Museum Archival Matte Paper 250 gsm, Giclee Pigment Inks",Mid-Century Bauhaus & Modernism,http://localhost:8000/static/products/mid-century-bauhaus-modernism-intersecting-geometric-quadrants-no-7-76b7e9/living_room_oak.jpg,http://localhost:8000/static/products/mid-century-bauhaus-modernism-intersecting-geometric-quadrants-no-7-76b7e9/bedroom_black.jpg,http://localhost:8000/static/products/mid-century-bauhaus-modernism-intersecting-geometric-quadrants-no-7-76b7e9/framed_product.jpg
