Title,Description,Price,Quantity,Tags,Materials,Shop Section,Image 1 URL,Image 2 URL,Image 3 URL,SKU
"Amalfi Lemon Groves & Terracotta - Terracotta terrace overlooking Capri No. 1 | Framed Wall Art, Amalfi Lemon Groves & Terracotta Canvas Pri","Amalfi Lemon Groves & Terracotta - Terracotta terrace overlooking Capri No. 1 | Framed Wall Art, Amalfi Lemon Groves & Terracotta Canvas Print, Living Room Decor

Transform your living space with Amalfi Lemon Groves & Terracotta - Terracotta terrace overlooking Capri No. 1. Printed on museum-grade heavyweight matte paper and encased in premium solid wood frames.

ABOUT THE COLLECTION:
Created to reflect the calming balance of Amalfi Lemon Groves & Terracotta, combining Mustard Yellow, Forest Moss, Amalfi Ultramarine, Terracotta Clay, Sunlit Limewash tones to anchor modern interiors with refined elegance.

MUSEUM CRAFTSMANSHIP & MATERIALS:
• Paper: 250 gsm heavyweight museum-grade archival matte paper
• Framing: Handcrafted FSC-certified solid natural oak and pine wood
• Inks: 12-color Giclée pigment printing (100+ year anti-fade warranty)
• Fast Delivery: Printed and framed locally in 32 global hubs for 48–72h fast delivery

STYLING ADVICE:
Ideal as a statement hero piece above a sofa or headboard. Harmonizes beautifully with neutral boucle fabrics, natural wood accents, and warm ambient lighting.
",110.0,999,"amalfi lemon groves & terracotta wall art, framed canvas print, modern living room art, large statement art, neutral home decor, gallery wall art, bedroom wall decor, minimalist poster, terracotta art print, fine art giclee, sustainable wall art","Solid Natural Oak, Museum Archival Matte Paper 250 gsm, Giclee Pigment Inks",Amalfi Lemon Groves & Terracotta,http://localhost:8000/static/products/amalfi-lemon-groves-terracotta-terracotta-terrace-overlooking-capri-no-1-4435d2/living_room_oak.jpg,http://localhost:8000/static/products/amalfi-lemon-groves-terracotta-terracotta-terrace-overlooking-capri-no-1-4435d2/bedroom_black.jpg,http://localhost:8000/static/products/amalfi-lemon-groves-terracotta-terracotta-terrace-overlooking-capri-no-1-4435d2/framed_product.jpg,framed-poster_flat_wood_natural_24x36-in_200-gsm
"Retro-Futuristic & Cyber Architecture - Futuristic metropolis transit arch No. 5 | Framed Wall Art, Retro-Futuristic & Cyber Architecture Ca","Retro-Futuristic & Cyber Architecture - Futuristic metropolis transit arch No. 5 | Framed Wall Art, Retro-Futuristic & Cyber Architecture Canvas Print, Living Room Decor

Transform your living space with Retro-Futuristic & Cyber Architecture - Futuristic metropolis transit arch No. 5. Printed on museum-grade heavyweight matte paper and encased in premium solid wood frames.

ABOUT THE COLLECTION:
Created to reflect the calming balance of Retro-Futuristic & Cyber Architecture, combining Deep Cobalt, Burnt Vermilion, Deep Obsidian, Warm Ochre, Sunlit Limewash tones to anchor modern interiors with refined elegance.

MUSEUM CRAFTSMANSHIP & MATERIALS:
• Paper: 250 gsm heavyweight museum-grade archival matte paper
• Framing: Handcrafted FSC-certified solid natural oak and pine wood
• Inks: 12-color Giclée pigment printing (100+ year anti-fade warranty)
• Fast Delivery: Printed and framed locally in 32 global hubs for 48–72h fast delivery

STYLING ADVICE:
Ideal as a statement hero piece above a sofa or headboard. Harmonizes beautifully with neutral boucle fabrics, natural wood accents, and warm ambient lighting.
",110.0,999,"retro-futuristic & cyber architecture wall art, framed canvas print, modern living room art, large statement art, neutral home decor, gallery wall art, bedroom wall decor, minimalist poster, terracotta art print, fine art giclee, sustainable wall art","Solid Natural Oak, Museum Archival Matte Paper 250 gsm, Giclee Pigment Inks",Retro-Futuristic & Cyber Architecture,http://localhost:8000/static/products/retro-futuristic-cyber-architecture-futuristic-metropolis-transit-arch-no-5-2717ab/living_room_oak.jpg,http://localhost:8000/static/products/retro-futuristic-cyber-architecture-futuristic-metropolis-transit-arch-no-5-2717ab/bedroom_black.jpg,http://localhost:8000/static/products/retro-futuristic-cyber-architecture-futuristic-metropolis-transit-arch-no-5-2717ab/framed_product.jpg,framed-poster_flat_wood_natural_24x36-in_200-gsm
"Zen Sumi-e & Enso Brush Studies - Misty mountain single pine brushstroke No. 2 | Framed Wall Art, Zen Sumi-e & Enso Brush Studies Canvas Pri","Zen Sumi-e & Enso Brush Studies - Misty mountain single pine brushstroke No. 2 | Framed Wall Art, Zen Sumi-e & Enso Brush Studies Canvas Print, Living Room Decor

Transform your living space with Zen Sumi-e & Enso Brush Studies - Misty mountain single pine brushstroke No. 2. Printed on museum-grade heavyweight matte paper and encased in premium solid wood frames.

ABOUT THE COLLECTION:
Created to reflect the calming balance of Zen Sumi-e & Enso Brush Studies, combining Matte Black, Charcoal Slate, Old Ivory, Raw Linen, Dried Rose tones to anchor modern interiors with refined elegance.

MUSEUM CRAFTSMANSHIP & MATERIALS:
• Paper: 250 gsm heavyweight museum-grade archival matte paper
• Framing: Handcrafted FSC-certified solid natural oak and pine wood
• Inks: 12-color Giclée pigment printing (100+ year anti-fade warranty)
• Fast Delivery: Printed and framed locally in 32 global hubs for 48–72h fast delivery

STYLING ADVICE:
Ideal as a statement hero piece above a sofa or headboard. Harmonizes beautifully with neutral boucle fabrics, natural wood accents, and warm ambient lighting.
",110.0,999,"zen sumi-e & enso brush studies wall art, framed canvas print, modern living room art, large statement art, neutral home decor, gallery wall art, bedroom wall decor, minimalist poster, terracotta art print, fine art giclee, sustainable wall art","Solid Natural Oak, Museum Archival Matte Paper 250 gsm, Giclee Pigment Inks",Zen Sumi-e & Enso Brush Studies,http://localhost:8000/static/products/zen-sumi-e-enso-brush-studies-misty-mountain-single-pine-brushstroke-no-2-d92373/living_room_oak.jpg,http://localhost:8000/static/products/zen-sumi-e-enso-brush-studies-misty-mountain-single-pine-brushstroke-no-2-d92373/bedroom_black.jpg,http://localhost:8000/static/products/zen-sumi-e-enso-brush-studies-misty-mountain-single-pine-brushstroke-no-2-d92373/framed_product.jpg,framed-poster_flat_wood_natural_24x36-in_200-gsm
"Textured Abstract Expressionist Impasto - Balanced gestural brush mark study No. 2 | Framed Wall Art, Textured Abstract Expressionist Impast","Textured Abstract Expressionist Impasto - Balanced gestural brush mark study No. 2 | Framed Wall Art, Textured Abstract Expressionist Impasto Canvas Print, Living Room Decor

Transform your living space with Textured Abstract Expressionist Impasto - Balanced gestural brush mark study No. 2. Printed on museum-grade heavyweight matte paper and encased in premium solid wood frames.

ABOUT THE COLLECTION:
Created to reflect the calming balance of Textured Abstract Expressionist Impasto, combining Charcoal Slate, Warm Ochre, Terracotta, Muted Sage, Raw Linen tones to anchor modern interiors with refined elegance.

MUSEUM CRAFTSMANSHIP & MATERIALS:
• Paper: 250 gsm heavyweight museum-grade archival matte paper
• Framing: Handcrafted FSC-certified solid natural oak and pine wood
• Inks: 12-color Giclée pigment printing (100+ year anti-fade warranty)
• Fast Delivery: Printed and framed locally in 32 global hubs for 48–72h fast delivery

STYLING ADVICE:
Ideal as a statement hero piece above a sofa or headboard. Harmonizes beautifully with neutral boucle fabrics, natural wood accents, and warm ambient lighting.
",110.0,999,"textured abstract expressionist impasto wall art, framed canvas print, modern living room art, large statement art, neutral home decor, gallery wall art, bedroom wall decor, minimalist poster, terracotta art print, fine art giclee, sustainable wall art","Solid Natural Oak, Museum Archival Matte Paper 250 gsm, Giclee Pigment Inks",Textured Abstract Expressionist Impasto,http://localhost:8000/static/products/textured-abstract-expressionist-impasto-balanced-gestural-brush-mark-study-no-2-5f0cb1/living_room_oak.jpg,http://localhost:8000/static/products/textured-abstract-expressionist-impasto-balanced-gestural-brush-mark-study-no-2-5f0cb1/bedroom_black.jpg,http://localhost:8000/static/products/textured-abstract-expressionist-impasto-balanced-gestural-brush-mark-study-no-2-5f0cb1/framed_product.jpg,framed-poster_flat_wood_natural_24x36-in_200-gsm
"Continuous Minimalist Line Art - Botanical vase continuous brushstroke No. 8 | Framed Wall Art, Continuous Minimalist Line Art Canvas Print,","Continuous Minimalist Line Art - Botanical vase continuous brushstroke No. 8 | Framed Wall Art, Continuous Minimalist Line Art Canvas Print, Living Room Decor

Transform your living space with Continuous Minimalist Line Art - Botanical vase continuous brushstroke No. 8. Printed on museum-grade heavyweight matte paper and encased in premium solid wood frames.

ABOUT THE COLLECTION:
Created to reflect the calming balance of Continuous Minimalist Line Art, combining Matte Black, Warm Ochre, Terracotta, Raw Linen, Sandstone tones to anchor modern interiors with refined elegance.

MUSEUM CRAFTSMANSHIP & MATERIALS:
• Paper: 250 gsm heavyweight museum-grade archival matte paper
• Framing: Handcrafted FSC-certified solid natural oak and pine wood
• Inks: 12-color Giclée pigment printing (100+ year anti-fade warranty)
• Fast Delivery: Printed and framed locally in 32 global hubs for 48–72h fast delivery

STYLING ADVICE:
Ideal as a statement hero piece above a sofa or headboard. Harmonizes beautifully with neutral boucle fabrics, natural wood accents, and warm ambient lighting.
",110.0,999,"continuous minimalist line art wall art, framed canvas print, modern living room art, large statement art, neutral home decor, gallery wall art, bedroom wall decor, minimalist poster, terracotta art print, fine art giclee, sustainable wall art","Solid Natural Oak, Museum Archival Matte Paper 250 gsm, Giclee Pigment Inks",Continuous Minimalist Line Art,http://localhost:8000/static/products/continuous-minimalist-line-art-botanical-vase-continuous-brushstroke-no-8-e965c5/living_room_oak.jpg,http://localhost:8000/static/products/continuous-minimalist-line-art-botanical-vase-continuous-brushstroke-no-8-e965c5/bedroom_black.jpg,http://localhost:8000/static/products/continuous-minimalist-line-art-botanical-vase-continuous-brushstroke-no-8-e965c5/framed_product.jpg,framed-poster_flat_wood_natural_24x36-in_200-gsm
"French Herbarium & Pressed Botanicals - Pressed woodland fern specimen plate No. 6 | Framed Wall Art, French Herbarium & Pressed Botanicals ","French Herbarium & Pressed Botanicals - Pressed woodland fern specimen plate No. 6 | Framed Wall Art, French Herbarium & Pressed Botanicals Canvas Print, Living Room Decor

Transform your living space with French Herbarium & Pressed Botanicals - Pressed woodland fern specimen plate No. 6. Printed on museum-grade heavyweight matte paper and encased in premium solid wood frames.

ABOUT THE COLLECTION:
Created to reflect the calming balance of French Herbarium & Pressed Botanicals, combining Forest Moss, Antique Sepia, Old Ivory, Eucalyptus Green, Raw Linen tones to anchor modern interiors with refined elegance.

MUSEUM CRAFTSMANSHIP & MATERIALS:
• Paper: 250 gsm heavyweight museum-grade archival matte paper
• Framing: Handcrafted FSC-certified solid natural oak and pine wood
• Inks: 12-color Giclée pigment printing (100+ year anti-fade warranty)
• Fast Delivery: Printed and framed locally in 32 global hubs for 48–72h fast delivery

STYLING ADVICE:
Ideal as a statement hero piece above a sofa or headboard. Harmonizes beautifully with neutral boucle fabrics, natural wood accents, and warm ambient lighting.
",110.0,999,"french herbarium & pressed botanicals wall art, framed canvas print, modern living room art, large statement art, neutral home decor, gallery wall art, bedroom wall decor, minimalist poster, terracotta art print, fine art giclee, sustainable wall art","Solid Natural Oak, Museum Archival Matte Paper 250 gsm, Giclee Pigment Inks",French Herbarium & Pressed Botanicals,http://localhost:8000/static/products/french-herbarium-pressed-botanicals-pressed-woodland-fern-specimen-plate-no-6-47a47a/living_room_oak.jpg,http://localhost:8000/static/products/french-herbarium-pressed-botanicals-pressed-woodland-fern-specimen-plate-no-6-47a47a/bedroom_black.jpg,http://localhost:8000/static/products/french-herbarium-pressed-botanicals-pressed-woodland-fern-specimen-plate-no-6-47a47a/framed_product.jpg,framed-poster_flat_wood_natural_24x36-in_200-gsm
"Abstract Ethereal Watercolor Horizons - Abstract rolling fog foothills No. 8 | Framed Wall Art, Abstract Ethereal Watercolor Horizons Canvas","Abstract Ethereal Watercolor Horizons - Abstract rolling fog foothills No. 8 | Framed Wall Art, Abstract Ethereal Watercolor Horizons Canvas Print, Living Room Decor

Transform your living space with Abstract Ethereal Watercolor Horizons - Abstract rolling fog foothills No. 8. Printed on museum-grade heavyweight matte paper and encased in premium solid wood frames.

ABOUT THE COLLECTION:
Created to reflect the calming balance of Abstract Ethereal Watercolor Horizons, combining Amalfi Ultramarine, Muted Sage, Terracotta, Burnished Gold, Raw Linen tones to anchor modern interiors with refined elegance.

MUSEUM CRAFTSMANSHIP & MATERIALS:
• Paper: 250 gsm heavyweight museum-grade archival matte paper
• Framing: Handcrafted FSC-certified solid natural oak and pine wood
• Inks: 12-color Giclée pigment printing (100+ year anti-fade warranty)
• Fast Delivery: Printed and framed locally in 32 global hubs for 48–72h fast delivery

STYLING ADVICE:
Ideal as a statement hero piece above a sofa or headboard. Harmonizes beautifully with neutral boucle fabrics, natural wood accents, and warm ambient lighting.
",110.0,999,"abstract ethereal watercolor horizons wall art, framed canvas print, modern living room art, large statement art, neutral home decor, gallery wall art, bedroom wall decor, minimalist poster, terracotta art print, fine art giclee, sustainable wall art","Solid Natural Oak, Museum Archival Matte Paper 250 gsm, Giclee Pigment Inks",Abstract Ethereal Watercolor Horizons,http://localhost:8000/static/products/abstract-ethereal-watercolor-horizons-abstract-rolling-fog-foothills-no-8-c60fd3/living_room_oak.jpg,http://localhost:8000/static/products/abstract-ethereal-watercolor-horizons-abstract-rolling-fog-foothills-no-8-c60fd3/bedroom_black.jpg,http://localhost:8000/static/products/abstract-ethereal-watercolor-horizons-abstract-rolling-fog-foothills-no-8-c60fd3/framed_product.jpg,framed-poster_flat_wood_natural_24x36-in_200-gsm
"Art Deco Gatsby & Gilded Geometry - Art deco lotus fountain motif No. 8 | Framed Wall Art, Art Deco Gatsby & Gilded Geometry Canvas Print, L","Art Deco Gatsby & Gilded Geometry - Art deco lotus fountain motif No. 8 | Framed Wall Art, Art Deco Gatsby & Gilded Geometry Canvas Print, Living Room Decor

Transform your living space with Art Deco Gatsby & Gilded Geometry - Art deco lotus fountain motif No. 8. Printed on museum-grade heavyweight matte paper and encased in premium solid wood frames.

ABOUT THE COLLECTION:
Created to reflect the calming balance of Art Deco Gatsby & Gilded Geometry, combining Deep Obsidian, Burnished Gold, Charcoal Slate, Burgundy Wine, Old Ivory tones to anchor modern interiors with refined elegance.

MUSEUM CRAFTSMANSHIP & MATERIALS:
• Paper: 250 gsm heavyweight museum-grade archival matte paper
• Framing: Handcrafted FSC-certified solid natural oak and pine wood
• Inks: 12-color Giclée pigment printing (100+ year anti-fade warranty)
• Fast Delivery: Printed and framed locally in 32 global hubs for 48–72h fast delivery

STYLING ADVICE:
Ideal as a statement hero piece above a sofa or headboard. Harmonizes beautifully with neutral boucle fabrics, natural wood accents, and warm ambient lighting.
",110.0,999,"art deco gatsby & gilded geometry wall art, framed canvas print, modern living room art, large statement art, neutral home decor, gallery wall art, bedroom wall decor, minimalist poster, terracotta art print, fine art giclee, sustainable wall art","Solid Natural Oak, Museum Archival Matte Paper 250 gsm, Giclee Pigment Inks",Art Deco Gatsby & Gilded Geometry,http://localhost:8000/static/products/art-deco-gatsby-gilded-geometry-art-deco-lotus-fountain-motif-no-8-ab47b9/living_room_oak.jpg,http://localhost:8000/static/products/art-deco-gatsby-gilded-geometry-art-deco-lotus-fountain-motif-no-8-ab47b9/bedroom_black.jpg,http://localhost:8000/static/products/art-deco-gatsby-gilded-geometry-art-deco-lotus-fountain-motif-no-8-ab47b9/framed_product.jpg,framed-poster_flat_wood_natural_24x36-in_200-gsm
"Vintage Alpine & Mountain Solitude - Matterhorn peak morning glow No. 8 | Framed Wall Art, Vintage Alpine & Mountain Solitude Canvas Print, ","Vintage Alpine & Mountain Solitude - Matterhorn peak morning glow No. 8 | Framed Wall Art, Vintage Alpine & Mountain Solitude Canvas Print, Living Room Decor

Transform your living space with Vintage Alpine & Mountain Solitude - Matterhorn peak morning glow No. 8. Printed on museum-grade heavyweight matte paper and encased in premium solid wood frames.

ABOUT THE COLLECTION:
Created to reflect the calming balance of Vintage Alpine & Mountain Solitude, combining Deep Cobalt, Forest Moss, Burnt Vermilion, Old Ivory, Charcoal Slate tones to anchor modern interiors with refined elegance.

MUSEUM CRAFTSMANSHIP & MATERIALS:
• Paper: 250 gsm heavyweight museum-grade archival matte paper
• Framing: Handcrafted FSC-certified solid natural oak and pine wood
• Inks: 12-color Giclée pigment printing (100+ year anti-fade warranty)
• Fast Delivery: Printed and framed locally in 32 global hubs for 48–72h fast delivery

STYLING ADVICE:
Ideal as a statement hero piece above a sofa or headboard. Harmonizes beautifully with neutral boucle fabrics, natural wood accents, and warm ambient lighting.
",110.0,999,"vintage alpine & mountain solitude wall art, framed canvas print, modern living room art, large statement art, neutral home decor, gallery wall art, bedroom wall decor, minimalist poster, terracotta art print, fine art giclee, sustainable wall art","Solid Natural Oak, Museum Archival Matte Paper 250 gsm, Giclee Pigment Inks",Vintage Alpine & Mountain Solitude,http://localhost:8000/static/products/vintage-alpine-mountain-solitude-matterhorn-peak-morning-glow-no-8-3558e3/living_room_oak.jpg,http://localhost:8000/static/products/vintage-alpine-mountain-solitude-matterhorn-peak-morning-glow-no-8-3558e3/bedroom_black.jpg,http://localhost:8000/static/products/vintage-alpine-mountain-solitude-matterhorn-peak-morning-glow-no-8-3558e3/framed_product.jpg,framed-poster_flat_wood_natural_24x36-in_200-gsm
"Moroccan Riad Architecture & Zellige - Keyhole archway with mosaic shadow No. 7 | Framed Wall Art, Moroccan Riad Architecture & Zellige Canv","Moroccan Riad Architecture & Zellige - Keyhole archway with mosaic shadow No. 7 | Framed Wall Art, Moroccan Riad Architecture & Zellige Canvas Print, Living Room Decor

Transform your living space with Moroccan Riad Architecture & Zellige - Keyhole archway with mosaic shadow No. 7. Printed on museum-grade heavyweight matte paper and encased in premium solid wood frames.

ABOUT THE COLLECTION:
Created to reflect the calming balance of Moroccan Riad Architecture & Zellige, combining Terracotta Clay, Amalfi Ultramarine, Warm Ochre, Forest Moss, Sunlit Limewash tones to anchor modern interiors with refined elegance.

MUSEUM CRAFTSMANSHIP & MATERIALS:
• Paper: 250 gsm heavyweight museum-grade archival matte paper
• Framing: Handcrafted FSC-certified solid natural oak and pine wood
• Inks: 12-color Giclée pigment printing (100+ year anti-fade warranty)
• Fast Delivery: Printed and framed locally in 32 global hubs for 48–72h fast delivery

STYLING ADVICE:
Ideal as a statement hero piece above a sofa or headboard. Harmonizes beautifully with neutral boucle fabrics, natural wood accents, and warm ambient lighting.
",110.0,999,"moroccan riad architecture & zellige wall art, framed canvas print, modern living room art, large statement art, neutral home decor, gallery wall art, bedroom wall decor, minimalist poster, terracotta art print, fine art giclee, sustainable wall art","Solid Natural Oak, Museum Archival Matte Paper 250 gsm, Giclee Pigment Inks",Moroccan Riad Architecture & Zellige,http://localhost:8000/static/products/moroccan-riad-architecture-zellige-keyhole-archway-with-mosaic-shadow-no-7-07b9ac/living_room_oak.jpg,http://localhost:8000/static/products/moroccan-riad-architecture-zellige-keyhole-archway-with-mosaic-shadow-no-7-07b9ac/bedroom_black.jpg,http://localhost:8000/static/products/moroccan-riad-architecture-zellige-keyhole-archway-with-mosaic-shadow-no-7-07b9ac/framed_product.jpg,framed-poster_flat_wood_natural_24x36-in_200-gsm
"Minimalist Textured Plaster & Clay - Monochromatic sand dune ripples No. 3 | Framed Wall Art, Minimalist Textured Plaster & Clay Canvas Prin","Minimalist Textured Plaster & Clay - Monochromatic sand dune ripples No. 3 | Framed Wall Art, Minimalist Textured Plaster & Clay Canvas Print, Living Room Decor

Transform your living space with Minimalist Textured Plaster & Clay - Monochromatic sand dune ripples No. 3. Printed on museum-grade heavyweight matte paper and encased in premium solid wood frames.

ABOUT THE COLLECTION:
Created to reflect the calming balance of Minimalist Textured Plaster & Clay, combining Raw Linen, Sandstone, Old Ivory, Charcoal Slate, Warm Ochre tones to anchor modern interiors with refined elegance.

MUSEUM CRAFTSMANSHIP & MATERIALS:
• Paper: 250 gsm heavyweight museum-grade archival matte paper
• Framing: Handcrafted FSC-certified solid natural oak and pine wood
• Inks: 12-color Giclée pigment printing (100+ year anti-fade warranty)
• Fast Delivery: Printed and framed locally in 32 global hubs for 48–72h fast delivery

STYLING ADVICE:
Ideal as a statement hero piece above a sofa or headboard. Harmonizes beautifully with neutral boucle fabrics, natural wood accents, and warm ambient lighting.
",110.0,999,"minimalist textured plaster & clay wall art, framed canvas print, modern living room art, large statement art, neutral home decor, gallery wall art, bedroom wall decor, minimalist poster, terracotta art print, fine art giclee, sustainable wall art","Solid Natural Oak, Museum Archival Matte Paper 250 gsm, Giclee Pigment Inks",Minimalist Textured Plaster & Clay,http://localhost:8000/static/products/minimalist-textured-plaster-clay-monochromatic-sand-dune-ripples-no-3-8a4eb4/living_room_oak.jpg,http://localhost:8000/static/products/minimalist-textured-plaster-clay-monochromatic-sand-dune-ripples-no-3-8a4eb4/bedroom_black.jpg,http://localhost:8000/static/products/minimalist-textured-plaster-clay-monochromatic-sand-dune-ripples-no-3-8a4eb4/framed_product.jpg,framed-poster_flat_wood_natural_24x36-in_200-gsm
"Antique Celestial & Astrolabe Charts - Orrery planetary orbit schematic No. 4 | Framed Wall Art, Antique Celestial & Astrolabe Charts Canvas","Antique Celestial & Astrolabe Charts - Orrery planetary orbit schematic No. 4 | Framed Wall Art, Antique Celestial & Astrolabe Charts Canvas Print, Living Room Decor

Transform your living space with Antique Celestial & Astrolabe Charts - Orrery planetary orbit schematic No. 4. Printed on museum-grade heavyweight matte paper and encased in premium solid wood frames.

ABOUT THE COLLECTION:
Created to reflect the calming balance of Antique Celestial & Astrolabe Charts, combining Deep Obsidian, Burnished Gold, Old Ivory, Charcoal Slate, Antique Sepia tones to anchor modern interiors with refined elegance.

MUSEUM CRAFTSMANSHIP & MATERIALS:
• Paper: 250 gsm heavyweight museum-grade archival matte paper
• Framing: Handcrafted FSC-certified solid natural oak and pine wood
• Inks: 12-color Giclée pigment printing (100+ year anti-fade warranty)
• Fast Delivery: Printed and framed locally in 32 global hubs for 48–72h fast delivery

STYLING ADVICE:
Ideal as a statement hero piece above a sofa or headboard. Harmonizes beautifully with neutral boucle fabrics, natural wood accents, and warm ambient lighting.
",110.0,999,"antique celestial & astrolabe charts wall art, framed canvas print, modern living room art, large statement art, neutral home decor, gallery wall art, bedroom wall decor, minimalist poster, terracotta art print, fine art giclee, sustainable wall art","Solid Natural Oak, Museum Archival Matte Paper 250 gsm, Giclee Pigment Inks",Antique Celestial & Astrolabe Charts,http://localhost:8000/static/products/antique-celestial-astrolabe-charts-orrery-planetary-orbit-schematic-no-4-400443/living_room_oak.jpg,http://localhost:8000/static/products/antique-celestial-astrolabe-charts-orrery-planetary-orbit-schematic-no-4-400443/bedroom_black.jpg,http://localhost:8000/static/products/antique-celestial-astrolabe-charts-orrery-planetary-orbit-schematic-no-4-400443/framed_product.jpg,framed-poster_flat_wood_natural_24x36-in_200-gsm
"Palm Springs & Desert Modernism - Geometric pool terrace horizon No. 11 | Framed Wall Art, Palm Springs & Desert Modernism Canvas Print, Liv","Palm Springs & Desert Modernism - Geometric pool terrace horizon No. 11 | Framed Wall Art, Palm Springs & Desert Modernism Canvas Print, Living Room Decor

Transform your living space with Palm Springs & Desert Modernism - Geometric pool terrace horizon No. 11. Printed on museum-grade heavyweight matte paper and encased in premium solid wood frames.

ABOUT THE COLLECTION:
Created to reflect the calming balance of Palm Springs & Desert Modernism, combining Warm Ochre, Terracotta, Muted Sage, Sunlit Limewash, Warm Parchment tones to anchor modern interiors with refined elegance.

MUSEUM CRAFTSMANSHIP & MATERIALS:
• Paper: 250 gsm heavyweight museum-grade archival matte paper
• Framing: Handcrafted FSC-certified solid natural oak and pine wood
• Inks: 12-color Giclée pigment printing (100+ year anti-fade warranty)
• Fast Delivery: Printed and framed locally in 32 global hubs for 48–72h fast delivery

STYLING ADVICE:
Ideal as a statement hero piece above a sofa or headboard. Harmonizes beautifully with neutral boucle fabrics, natural wood accents, and warm ambient lighting.
",110.0,999,"palm springs & desert modernism wall art, framed canvas print, modern living room art, large statement art, neutral home decor, gallery wall art, bedroom wall decor, minimalist poster, terracotta art print, fine art giclee, sustainable wall art","Solid Natural Oak, Museum Archival Matte Paper 250 gsm, Giclee Pigment Inks",Palm Springs & Desert Modernism,http://localhost:8000/static/products/palm-springs-desert-modernism-geometric-pool-terrace-horizon-no-11-83a03d/living_room_oak.jpg,http://localhost:8000/static/products/palm-springs-desert-modernism-geometric-pool-terrace-horizon-no-11-83a03d/bedroom_black.jpg,http://localhost:8000/static/products/palm-springs-desert-modernism-geometric-pool-terrace-horizon-no-11-83a03d/framed_product.jpg,framed-poster_flat_wood_natural_24x36-in_200-gsm
"Nordic Abstract Flora & Foliage - Wild Nordic thistle silhouette No. 11 | Framed Wall Art, Nordic Abstract Flora & Foliage Canvas Print, Liv","Nordic Abstract Flora & Foliage - Wild Nordic thistle silhouette No. 11 | Framed Wall Art, Nordic Abstract Flora & Foliage Canvas Print, Living Room Decor

Transform your living space with Nordic Abstract Flora & Foliage - Wild Nordic thistle silhouette No. 11. Printed on museum-grade heavyweight matte paper and encased in premium solid wood frames.

ABOUT THE COLLECTION:
Created to reflect the calming balance of Nordic Abstract Flora & Foliage, combining Muted Sage, Warm Ochre, Raw Linen, Charcoal Slate, Sandstone tones to anchor modern interiors with refined elegance.

MUSEUM CRAFTSMANSHIP & MATERIALS:
• Paper: 250 gsm heavyweight museum-grade archival matte paper
• Framing: Handcrafted FSC-certified solid natural oak and pine wood
• Inks: 12-color Giclée pigment printing (100+ year anti-fade warranty)
• Fast Delivery: Printed and framed locally in 32 global hubs for 48–72h fast delivery

STYLING ADVICE:
Ideal as a statement hero piece above a sofa or headboard. Harmonizes beautifully with neutral boucle fabrics, natural wood accents, and warm ambient lighting.
",110.0,999,"nordic abstract flora & foliage wall art, framed canvas print, modern living room art, large statement art, neutral home decor, gallery wall art, bedroom wall decor, minimalist poster, terracotta art print, fine art giclee, sustainable wall art","Solid Natural Oak, Museum Archival Matte Paper 250 gsm, Giclee Pigment Inks",Nordic Abstract Flora & Foliage,http://localhost:8000/static/products/nordic-abstract-flora-foliage-wild-nordic-thistle-silhouette-no-11-129e11/living_room_oak.jpg,http://localhost:8000/static/products/nordic-abstract-flora-foliage-wild-nordic-thistle-silhouette-no-11-129e11/bedroom_black.jpg,http://localhost:8000/static/products/nordic-abstract-flora-foliage-wild-nordic-thistle-silhouette-no-11-129e11/framed_product.jpg,framed-poster_flat_wood_natural_24x36-in_200-gsm
"Modern Architectural & Geometry Schematics - Brutalist concrete arch geometry No. 11 | Framed Wall Art, Modern Architectural & Geometry Sche","Modern Architectural & Geometry Schematics - Brutalist concrete arch geometry No. 11 | Framed Wall Art, Modern Architectural & Geometry Schematics Canvas Print, Living Room Decor

Transform your living space with Modern Architectural & Geometry Schematics - Brutalist concrete arch geometry No. 11. Printed on museum-grade heavyweight matte paper and encased in premium solid wood frames.

ABOUT THE COLLECTION:
Created to reflect the calming balance of Modern Architectural & Geometry Schematics, combining Charcoal Slate, Raw Linen, Deep Cobalt, Warm Ochre, Sandstone tones to anchor modern interiors with refined elegance.

MUSEUM CRAFTSMANSHIP & MATERIALS:
• Paper: 250 gsm heavyweight museum-grade archival matte paper
• Framing: Handcrafted FSC-certified solid natural oak and pine wood
• Inks: 12-color Giclée pigment printing (100+ year anti-fade warranty)
• Fast Delivery: Printed and framed locally in 32 global hubs for 48–72h fast delivery

STYLING ADVICE:
Ideal as a statement hero piece above a sofa or headboard. Harmonizes beautifully with neutral boucle fabrics, natural wood accents, and warm ambient lighting.
",110.0,999,"modern architectural & geometry schematics wall art, framed canvas print, modern living room art, large statement art, neutral home decor, gallery wall art, bedroom wall decor, minimalist poster, terracotta art print, fine art giclee, sustainable wall art","Solid Natural Oak, Museum Archival Matte Paper 250 gsm, Giclee Pigment Inks",Modern Architectural & Geometry Schematics,http://localhost:8000/static/products/modern-architectural-geometry-schematics-brutalist-concrete-arch-geometry-no-11-3f96f9/living_room_oak.jpg,http://localhost:8000/static/products/modern-architectural-geometry-schematics-brutalist-concrete-arch-geometry-no-11-3f96f9/bedroom_black.jpg,http://localhost:8000/static/products/modern-architectural-geometry-schematics-brutalist-concrete-arch-geometry-no-11-3f96f9/framed_product.jpg,framed-poster_flat_wood_natural_24x36-in_200-gsm
"Japanese Ukiyo-e & Modern Mokuhanga - Tranquil koi pond water ripple No. 6 | Framed Wall Art, Japanese Ukiyo-e & Modern Mokuhanga Canvas Pri","Japanese Ukiyo-e & Modern Mokuhanga - Tranquil koi pond water ripple No. 6 | Framed Wall Art, Japanese Ukiyo-e & Modern Mokuhanga Canvas Print, Living Room Decor

Transform your living space with Japanese Ukiyo-e & Modern Mokuhanga - Tranquil koi pond water ripple No. 6. Printed on museum-grade heavyweight matte paper and encased in premium solid wood frames.

ABOUT THE COLLECTION:
Created to reflect the calming balance of Japanese Ukiyo-e & Modern Mokuhanga, combining Deep Cobalt, Eucalyptus Green, Dried Rose, Raw Linen, Matte Black tones to anchor modern interiors with refined elegance.

MUSEUM CRAFTSMANSHIP & MATERIALS:
• Paper: 250 gsm heavyweight museum-grade archival matte paper
• Framing: Handcrafted FSC-certified solid natural oak and pine wood
• Inks: 12-color Giclée pigment printing (100+ year anti-fade warranty)
• Fast Delivery: Printed and framed locally in 32 global hubs for 48–72h fast delivery

STYLING ADVICE:
Ideal as a statement hero piece above a sofa or headboard. Harmonizes beautifully with neutral boucle fabrics, natural wood accents, and warm ambient lighting.
",110.0,999,"japanese ukiyo-e & modern mokuhanga wall art, framed canvas print, modern living room art, large statement art, neutral home decor, gallery wall art, bedroom wall decor, minimalist poster, terracotta art print, fine art giclee, sustainable wall art","Solid Natural Oak, Museum Archival Matte Paper 250 gsm, Giclee Pigment Inks",Japanese Ukiyo-e & Modern Mokuhanga,http://localhost:8000/static/products/japanese-ukiyo-e-modern-mokuhanga-tranquil-koi-pond-water-ripple-no-6-8c0923/living_room_oak.jpg,http://localhost:8000/static/products/japanese-ukiyo-e-modern-mokuhanga-tranquil-koi-pond-water-ripple-no-6-8c0923/bedroom_black.jpg,http://localhost:8000/static/products/japanese-ukiyo-e-modern-mokuhanga-tranquil-koi-pond-water-ripple-no-6-8c0923/framed_product.jpg,framed-poster_flat_wood_natural_24x36-in_200-gsm
"Vintage French Riviera & Mid-Century Travel - Sunbathers under parasols No. 7 | Framed Wall Art, Vintage French Riviera & Mid-Century Travel","Vintage French Riviera & Mid-Century Travel - Sunbathers under parasols No. 7 | Framed Wall Art, Vintage French Riviera & Mid-Century Travel Canvas Print, Living Room Decor

Transform your living space with Vintage French Riviera & Mid-Century Travel - Sunbathers under parasols No. 7. Printed on museum-grade heavyweight matte paper and encased in premium solid wood frames.

ABOUT THE COLLECTION:
Created to reflect the calming balance of Vintage French Riviera & Mid-Century Travel, combining Amalfi Ultramarine, Sunlit Limewash, Warm Ochre, Terracotta Clay, Charcoal Slate tones to anchor modern interiors with refined elegance.

MUSEUM CRAFTSMANSHIP & MATERIALS:
• Paper: 250 gsm heavyweight museum-grade archival matte paper
• Framing: Handcrafted FSC-certified solid natural oak and pine wood
• Inks: 12-color Giclée pigment printing (100+ year anti-fade warranty)
• Fast Delivery: Printed and framed locally in 32 global hubs for 48–72h fast delivery

STYLING ADVICE:
Ideal as a statement hero piece above a sofa or headboard. Harmonizes beautifully with neutral boucle fabrics, natural wood accents, and warm ambient lighting.
",110.0,999,"vintage french riviera & mid-century travel wall art, framed canvas print, modern living room art, large statement art, neutral home decor, gallery wall art, bedroom wall decor, minimalist poster, terracotta art print, fine art giclee, sustainable wall art","Solid Natural Oak, Museum Archival Matte Paper 250 gsm, Giclee Pigment Inks",Vintage French Riviera & Mid-Century Travel,http://localhost:8000/static/products/vintage-french-riviera-mid-century-travel-sunbathers-under-parasols-no-7-8e7251/living_room_oak.jpg,http://localhost:8000/static/products/vintage-french-riviera-mid-century-travel-sunbathers-under-parasols-no-7-8e7251/bedroom_black.jpg,http://localhost:8000/static/products/vintage-french-riviera-mid-century-travel-sunbathers-under-parasols-no-7-8e7251/framed_product.jpg,framed-poster_flat_wood_natural_24x36-in_200-gsm
"Dark Academia & Textured Renaissance - Moody architectural ruin No. 10 | Framed Wall Art, Dark Academia & Textured Renaissance Canvas Print,","Dark Academia & Textured Renaissance - Moody architectural ruin No. 10 | Framed Wall Art, Dark Academia & Textured Renaissance Canvas Print, Living Room Decor

Transform your living space with Dark Academia & Textured Renaissance - Moody architectural ruin No. 10. Printed on museum-grade heavyweight matte paper and encased in premium solid wood frames.

ABOUT THE COLLECTION:
Created to reflect the calming balance of Dark Academia & Textured Renaissance, combining Deep Obsidian, Burnished Gold, Burgundy Wine, Espresso Umber, Smoky Indigo tones to anchor modern interiors with refined elegance.

MUSEUM CRAFTSMANSHIP & MATERIALS:
• Paper: 250 gsm heavyweight museum-grade archival matte paper
• Framing: Handcrafted FSC-certified solid natural oak and pine wood
• Inks: 12-color Giclée pigment printing (100+ year anti-fade warranty)
• Fast Delivery: Printed and framed locally in 32 global hubs for 48–72h fast delivery

STYLING ADVICE:
Ideal as a statement hero piece above a sofa or headboard. Harmonizes beautifully with neutral boucle fabrics, natural wood accents, and warm ambient lighting.
",110.0,999,"dark academia & textured renaissance wall art, framed canvas print, modern living room art, large statement art, neutral home decor, gallery wall art, bedroom wall decor, minimalist poster, terracotta art print, fine art giclee, sustainable wall art","Solid Natural Oak, Museum Archival Matte Paper 250 gsm, Giclee Pigment Inks",Dark Academia & Textured Renaissance,http://localhost:8000/static/products/dark-academia-textured-renaissance-moody-architectural-ruin-no-10-ad6301/living_room_oak.jpg,http://localhost:8000/static/products/dark-academia-textured-renaissance-moody-architectural-ruin-no-10-ad6301/bedroom_black.jpg,http://localhost:8000/static/products/dark-academia-textured-renaissance-moody-architectural-ruin-no-10-ad6301/framed_product.jpg,framed-poster_flat_wood_natural_24x36-in_200-gsm
"Mediterranean Terracotta & Coastal Ease - Abstract coastal cliff lines No. 10 | Framed Wall Art, Mediterranean Terracotta & Coastal Ease Can","Mediterranean Terracotta & Coastal Ease - Abstract coastal cliff lines No. 10 | Framed Wall Art, Mediterranean Terracotta & Coastal Ease Canvas Print, Living Room Decor

Transform your living space with Mediterranean Terracotta & Coastal Ease - Abstract coastal cliff lines No. 10. Printed on museum-grade heavyweight matte paper and encased in premium solid wood frames.

ABOUT THE COLLECTION:
Created to reflect the calming balance of Mediterranean Terracotta & Coastal Ease, combining Amalfi Ultramarine, Terracotta Clay, Olive Green, Sunlit Limewash, Warm Sand tones to anchor modern interiors with refined elegance.

MUSEUM CRAFTSMANSHIP & MATERIALS:
• Paper: 250 gsm heavyweight museum-grade archival matte paper
• Framing: Handcrafted FSC-certified solid natural oak and pine wood
• Inks: 12-color Giclée pigment printing (100+ year anti-fade warranty)
• Fast Delivery: Printed and framed locally in 32 global hubs for 48–72h fast delivery

STYLING ADVICE:
Ideal as a statement hero piece above a sofa or headboard. Harmonizes beautifully with neutral boucle fabrics, natural wood accents, and warm ambient lighting.
",110.0,999,"mediterranean terracotta & coastal ease wall art, framed canvas print, modern living room art, large statement art, neutral home decor, gallery wall art, bedroom wall decor, minimalist poster, terracotta art print, fine art giclee, sustainable wall art","Solid Natural Oak, Museum Archival Matte Paper 250 gsm, Giclee Pigment Inks",Mediterranean Terracotta & Coastal Ease,http://localhost:8000/static/products/mediterranean-terracotta-coastal-ease-abstract-coastal-cliff-lines-no-10-90745a/living_room_oak.jpg,http://localhost:8000/static/products/mediterranean-terracotta-coastal-ease-abstract-coastal-cliff-lines-no-10-90745a/bedroom_black.jpg,http://localhost:8000/static/products/mediterranean-terracotta-coastal-ease-abstract-coastal-cliff-lines-no-10-90745a/framed_product.jpg,framed-poster_flat_wood_natural_24x36-in_200-gsm
"Antique Botanical & Herbarium - Heirloom citrus branches No. 7 | Framed Wall Art, Antique Botanical & Herbarium Canvas Print, Living Room De","Antique Botanical & Herbarium - Heirloom citrus branches No. 7 | Framed Wall Art, Antique Botanical & Herbarium Canvas Print, Living Room Decor

Transform your living space with Antique Botanical & Herbarium - Heirloom citrus branches No. 7. Printed on museum-grade heavyweight matte paper and encased in premium solid wood frames.

ABOUT THE COLLECTION:
Created to reflect the calming balance of Antique Botanical & Herbarium, combining Forest Moss, Eucalyptus Green, Antique Sepia, Old Ivory, Dried Rose tones to anchor modern interiors with refined elegance.

MUSEUM CRAFTSMANSHIP & MATERIALS:
• Paper: 250 gsm heavyweight museum-grade archival matte paper
• Framing: Handcrafted FSC-certified solid natural oak and pine wood
• Inks: 12-color Giclée pigment printing (100+ year anti-fade warranty)
• Fast Delivery: Printed and framed locally in 32 global hubs for 48–72h fast delivery

STYLING ADVICE:
Ideal as a statement hero piece above a sofa or headboard. Harmonizes beautifully with neutral boucle fabrics, natural wood accents, and warm ambient lighting.
",110.0,999,"antique botanical & herbarium wall art, framed canvas print, modern living room art, large statement art, neutral home decor, gallery wall art, bedroom wall decor, minimalist poster, terracotta art print, fine art giclee, sustainable wall art","Solid Natural Oak, Museum Archival Matte Paper 250 gsm, Giclee Pigment Inks",Antique Botanical & Herbarium,http://localhost:8000/static/products/antique-botanical-herbarium-heirloom-citrus-branches-no-7-49a561/living_room_oak.jpg,http://localhost:8000/static/products/antique-botanical-herbarium-heirloom-citrus-branches-no-7-49a561/bedroom_black.jpg,http://localhost:8000/static/products/antique-botanical-herbarium-heirloom-citrus-branches-no-7-49a561/framed_product.jpg,framed-poster_flat_wood_natural_24x36-in_200-gsm
"Mid-Century Bauhaus & Modernism - Intersecting geometric quadrants No. 7 | Framed Wall Art, Mid-Century Bauhaus & Modernism Canvas Print, Li","Mid-Century Bauhaus & Modernism - Intersecting geometric quadrants No. 7 | Framed Wall Art, Mid-Century Bauhaus & Modernism Canvas Print, Living Room Decor

Transform your living space with Mid-Century Bauhaus & Modernism - Intersecting geometric quadrants No. 7. Printed on museum-grade heavyweight matte paper and encased in premium solid wood frames.

ABOUT THE COLLECTION:
Created to reflect the calming balance of Mid-Century Bauhaus & Modernism, combining Deep Cobalt, Burnt Vermilion, Mustard Yellow, Matte Black, Warm Parchment tones to anchor modern interiors with refined elegance.

MUSEUM CRAFTSMANSHIP & MATERIALS:
• Paper: 250 gsm heavyweight museum-grade archival matte paper
• Framing: Handcrafted FSC-certified solid natural oak and pine wood
• Inks: 12-color Giclée pigment printing (100+ year anti-fade warranty)
• Fast Delivery: Printed and framed locally in 32 global hubs for 48–72h fast delivery

STYLING ADVICE:
Ideal as a statement hero piece above a sofa or headboard. Harmonizes beautifully with neutral boucle fabrics, natural wood accents, and warm ambient lighting.
",110.0,999,"mid-century bauhaus & modernism wall art, framed canvas print, modern living room art, large statement art, neutral home decor, gallery wall art, bedroom wall decor, minimalist poster, terracotta art print, fine art giclee, sustainable wall art","Solid Natural Oak, Museum Archival Matte Paper 250 gsm, Giclee Pigment Inks",Mid-Century Bauhaus & Modernism,http://localhost:8000/static/products/mid-century-bauhaus-modernism-intersecting-geometric-quadrants-no-7-76b7e9/living_room_oak.jpg,http://localhost:8000/static/products/mid-century-bauhaus-modernism-intersecting-geometric-quadrants-no-7-76b7e9/bedroom_black.jpg,http://localhost:8000/static/products/mid-century-bauhaus-modernism-intersecting-geometric-quadrants-no-7-76b7e9/framed_product.jpg,framed-poster_flat_wood_natural_24x36-in_200-gsm
"Japandi & Wabi-Sabi Minimalism - Abstract Zen brushwork No. 10 | Framed Wall Art, Japandi & Wabi-Sabi Minimalism Canvas Print, Living Room D","Japandi & Wabi-Sabi Minimalism - Abstract Zen brushwork No. 10 | Framed Wall Art, Japandi & Wabi-Sabi Minimalism Canvas Print, Living Room Decor

Transform your living space with Japandi & Wabi-Sabi Minimalism - Abstract Zen brushwork No. 10. Printed on museum-grade heavyweight matte paper and encased in premium solid wood frames.

ABOUT THE COLLECTION:
Created to reflect the calming balance of Japandi & Wabi-Sabi Minimalism, combining Terracotta, Warm Ochre, Charcoal Slate, Muted Sage, Raw Linen, Sandstone tones to anchor modern interiors with refined elegance.

MUSEUM CRAFTSMANSHIP & MATERIALS:
• Paper: 250 gsm heavyweight museum-grade archival matte paper
• Framing: Handcrafted FSC-certified solid natural oak and pine wood
• Inks: 12-color Giclée pigment printing (100+ year anti-fade warranty)
• Fast Delivery: Printed and framed locally in 32 global hubs for 48–72h fast delivery

STYLING ADVICE:
Ideal as a statement hero piece above a sofa or headboard. Harmonizes beautifully with neutral boucle fabrics, natural wood accents, and warm ambient lighting.
",110.0,999,"japandi & wabi-sabi minimalism wall art, framed canvas print, modern living room art, large statement art, neutral home decor, gallery wall art, bedroom wall decor, minimalist poster, terracotta art print, fine art giclee, sustainable wall art","Solid Natural Oak, Museum Archival Matte Paper 250 gsm, Giclee Pigment Inks",Japandi & Wabi-Sabi Minimalism,http://localhost:8000/static/products/japandi-wabi-sabi-minimalism-abstract-zen-brushwork-no-10-cdb0a2/living_room_oak.jpg,http://localhost:8000/static/products/japandi-wabi-sabi-minimalism-abstract-zen-brushwork-no-10-cdb0a2/bedroom_black.jpg,http://localhost:8000/static/products/japandi-wabi-sabi-minimalism-abstract-zen-brushwork-no-10-cdb0a2/framed_product.jpg,framed-poster_flat_wood_natural_24x36-in_200-gsm
"Japandi & Wabi-Sabi Minimalism - Abstract Zen brushwork No. 11 | Framed Wall Art, Japandi & Wabi-Sabi Minimalism Canvas Print, Living Room D","Japandi & Wabi-Sabi Minimalism - Abstract Zen brushwork No. 11 | Framed Wall Art, Japandi & Wabi-Sabi Minimalism Canvas Print, Living Room Decor

Transform your living space with Japandi & Wabi-Sabi Minimalism - Abstract Zen brushwork No. 11. Printed on museum-grade heavyweight matte paper and encased in premium solid wood frames.

ABOUT THE COLLECTION:
Created to reflect the calming balance of Japandi & Wabi-Sabi Minimalism, combining Terracotta, Warm Ochre, Charcoal Slate, Muted Sage, Raw Linen, Sandstone tones to anchor modern interiors with refined elegance.

MUSEUM CRAFTSMANSHIP & MATERIALS:
• Paper: 250 gsm heavyweight museum-grade archival matte paper
• Framing: Handcrafted FSC-certified solid natural oak and pine wood
• Inks: 12-color Giclée pigment printing (100+ year anti-fade warranty)
• Fast Delivery: Printed and framed locally in 32 global hubs for 48–72h fast delivery

STYLING ADVICE:
Ideal as a statement hero piece above a sofa or headboard. Harmonizes beautifully with neutral boucle fabrics, natural wood accents, and warm ambient lighting.
",110.0,999,"japandi & wabi-sabi minimalism wall art, framed canvas print, modern living room art, large statement art, neutral home decor, gallery wall art, bedroom wall decor, minimalist poster, terracotta art print, fine art giclee, sustainable wall art","Solid Natural Oak, Museum Archival Matte Paper 250 gsm, Giclee Pigment Inks",Japandi & Wabi-Sabi Minimalism,http://localhost:8000/static/products/japandi-wabi-sabi-minimalism-abstract-zen-brushwork-no-11-abb6b8/living_room_oak.jpg,http://localhost:8000/static/products/japandi-wabi-sabi-minimalism-abstract-zen-brushwork-no-11-abb6b8/bedroom_black.jpg,http://localhost:8000/static/products/japandi-wabi-sabi-minimalism-abstract-zen-brushwork-no-11-abb6b8/framed_product.jpg,framed-poster_flat_wood_natural_24x36-in_200-gsm
"Mid-Century Bauhaus & Modernism - Curved constructivist arches No. 11 | Framed Wall Art, Mid-Century Bauhaus & Modernism Canvas Print, Livin","Mid-Century Bauhaus & Modernism - Curved constructivist arches No. 11 | Framed Wall Art, Mid-Century Bauhaus & Modernism Canvas Print, Living Room Decor

Transform your living space with Mid-Century Bauhaus & Modernism - Curved constructivist arches No. 11. Printed on museum-grade heavyweight matte paper and encased in premium solid wood frames.

ABOUT THE COLLECTION:
Created to reflect the calming balance of Mid-Century Bauhaus & Modernism, combining Deep Cobalt, Burnt Vermilion, Mustard Yellow, Matte Black, Warm Parchment tones to anchor modern interiors with refined elegance.

MUSEUM CRAFTSMANSHIP & MATERIALS:
• Paper: 250 gsm heavyweight museum-grade archival matte paper
• Framing: Handcrafted FSC-certified solid natural oak and pine wood
• Inks: 12-color Giclée pigment printing (100+ year anti-fade warranty)
• Fast Delivery: Printed and framed locally in 32 global hubs for 48–72h fast delivery

STYLING ADVICE:
Ideal as a statement hero piece above a sofa or headboard. Harmonizes beautifully with neutral boucle fabrics, natural wood accents, and warm ambient lighting.
",110.0,999,"mid-century bauhaus & modernism wall art, framed canvas print, modern living room art, large statement art, neutral home decor, gallery wall art, bedroom wall decor, minimalist poster, terracotta art print, fine art giclee, sustainable wall art","Solid Natural Oak, Museum Archival Matte Paper 250 gsm, Giclee Pigment Inks",Mid-Century Bauhaus & Modernism,http://localhost:8000/static/products/mid-century-bauhaus-modernism-curved-constructivist-arches-no-11-ecad09/living_room_oak.jpg,http://localhost:8000/static/products/mid-century-bauhaus-modernism-curved-constructivist-arches-no-11-ecad09/bedroom_black.jpg,http://localhost:8000/static/products/mid-century-bauhaus-modernism-curved-constructivist-arches-no-11-ecad09/framed_product.jpg,framed-poster_flat_wood_natural_24x36-in_200-gsm
"Japandi & Wabi-Sabi Minimalism - Botanical branch shadows No. 5 | Framed Wall Art, Japandi & Wabi-Sabi Minimalism Canvas Print, Living Room ","Japandi & Wabi-Sabi Minimalism - Botanical branch shadows No. 5 | Framed Wall Art, Japandi & Wabi-Sabi Minimalism Canvas Print, Living Room Decor

Transform your living space with Japandi & Wabi-Sabi Minimalism - Botanical branch shadows No. 5. Printed on museum-grade heavyweight matte paper and encased in premium solid wood frames.

ABOUT THE COLLECTION:
Created to reflect the calming balance of Japandi & Wabi-Sabi Minimalism, combining Terracotta, Warm Ochre, Charcoal Slate, Muted Sage, Raw Linen, Sandstone tones to anchor modern interiors with refined elegance.

MUSEUM CRAFTSMANSHIP & MATERIALS:
• Paper: 250 gsm heavyweight museum-grade archival matte paper
• Framing: Handcrafted FSC-certified solid natural oak and pine wood
• Inks: 12-color Giclée pigment printing (100+ year anti-fade warranty)
• Fast Delivery: Printed and framed locally in 32 global hubs for 48–72h fast delivery

STYLING ADVICE:
Ideal as a statement hero piece above a sofa or headboard. Harmonizes beautifully with neutral boucle fabrics, natural wood accents, and warm ambient lighting.
",110.0,999,"japandi & wabi-sabi minimalism wall art, framed canvas print, modern living room art, large statement art, neutral home decor, gallery wall art, bedroom wall decor, minimalist poster, terracotta art print, fine art giclee, sustainable wall art","Solid Natural Oak, Museum Archival Matte Paper 250 gsm, Giclee Pigment Inks",Japandi & Wabi-Sabi Minimalism,http://localhost:8000/static/products/japandi-wabi-sabi-minimalism-botanical-branch-shadows-no-5-5e152e/living_room_oak.jpg,http://localhost:8000/static/products/japandi-wabi-sabi-minimalism-botanical-branch-shadows-no-5-5e152e/bedroom_black.jpg,http://localhost:8000/static/products/japandi-wabi-sabi-minimalism-botanical-branch-shadows-no-5-5e152e/framed_product.jpg,framed-poster_flat_wood_natural_24x36-in_200-gsm
"Dark Academia & Textured Renaissance - Atmospheric misty mountain pines No. 5 | Framed Wall Art, Dark Academia & Textured Renaissance Canvas","Dark Academia & Textured Renaissance - Atmospheric misty mountain pines No. 5 | Framed Wall Art, Dark Academia & Textured Renaissance Canvas Print, Living Room Decor

Transform your living space with Dark Academia & Textured Renaissance - Atmospheric misty mountain pines No. 5. Printed on museum-grade heavyweight matte paper and encased in premium solid wood frames.

ABOUT THE COLLECTION:
Created to reflect the calming balance of Dark Academia & Textured Renaissance, combining Deep Obsidian, Burnished Gold, Burgundy Wine, Espresso Umber, Smoky Indigo tones to anchor modern interiors with refined elegance.

MUSEUM CRAFTSMANSHIP & MATERIALS:
• Paper: 250 gsm heavyweight museum-grade archival matte paper
• Framing: Handcrafted FSC-certified solid natural oak and pine wood
• Inks: 12-color Giclée pigment printing (100+ year anti-fade warranty)
• Fast Delivery: Printed and framed locally in 32 global hubs for 48–72h fast delivery

STYLING ADVICE:
Ideal as a statement hero piece above a sofa or headboard. Harmonizes beautifully with neutral boucle fabrics, natural wood accents, and warm ambient lighting.
",110.0,999,"dark academia & textured renaissance wall art, framed canvas print, modern living room art, large statement art, neutral home decor, gallery wall art, bedroom wall decor, minimalist poster, terracotta art print, fine art giclee, sustainable wall art","Solid Natural Oak, Museum Archival Matte Paper 250 gsm, Giclee Pigment Inks",Dark Academia & Textured Renaissance,http://localhost:8000/static/products/dark-academia-textured-renaissance-atmospheric-misty-mountain-pines-no-5-f7522e/living_room_oak.jpg,http://localhost:8000/static/products/dark-academia-textured-renaissance-atmospheric-misty-mountain-pines-no-5-f7522e/bedroom_black.jpg,http://localhost:8000/static/products/dark-academia-textured-renaissance-atmospheric-misty-mountain-pines-no-5-f7522e/framed_product.jpg,framed-poster_flat_wood_natural_24x36-in_200-gsm
"Mediterranean Terracotta & Coastal Ease - Terracotta pottery with olive twigs No. 7 | Framed Wall Art, Mediterranean Terracotta & Coastal Ea","Mediterranean Terracotta & Coastal Ease - Terracotta pottery with olive twigs No. 7 | Framed Wall Art, Mediterranean Terracotta & Coastal Ease Canvas Print, Living Room Decor

Transform your living space with Mediterranean Terracotta & Coastal Ease - Terracotta pottery with olive twigs No. 7. Printed on museum-grade heavyweight matte paper and encased in premium solid wood frames.

ABOUT THE COLLECTION:
Created to reflect the calming balance of Mediterranean Terracotta & Coastal Ease, combining Amalfi Ultramarine, Terracotta Clay, Olive Green, Sunlit Limewash, Warm Sand tones to anchor modern interiors with refined elegance.

MUSEUM CRAFTSMANSHIP & MATERIALS:
• Paper: 250 gsm heavyweight museum-grade archival matte paper
• Framing: Handcrafted FSC-certified solid natural oak and pine wood
• Inks: 12-color Giclée pigment printing (100+ year anti-fade warranty)
• Fast Delivery: Printed and framed locally in 32 global hubs for 48–72h fast delivery

STYLING ADVICE:
Ideal as a statement hero piece above a sofa or headboard. Harmonizes beautifully with neutral boucle fabrics, natural wood accents, and warm ambient lighting.
",110.0,999,"mediterranean terracotta & coastal ease wall art, framed canvas print, modern living room art, large statement art, neutral home decor, gallery wall art, bedroom wall decor, minimalist poster, terracotta art print, fine art giclee, sustainable wall art","Solid Natural Oak, Museum Archival Matte Paper 250 gsm, Giclee Pigment Inks",Mediterranean Terracotta & Coastal Ease,http://localhost:8000/static/products/mediterranean-terracotta-coastal-ease-terracotta-pottery-with-olive-twigs-no-7-1dfa6d/living_room_oak.jpg,http://localhost:8000/static/products/mediterranean-terracotta-coastal-ease-terracotta-pottery-with-olive-twigs-no-7-1dfa6d/bedroom_black.jpg,http://localhost:8000/static/products/mediterranean-terracotta-coastal-ease-terracotta-pottery-with-olive-twigs-no-7-1dfa6d/framed_product.jpg,framed-poster_flat_wood_natural_24x36-in_200-gsm
"Antique Botanical & Herbarium - Heirloom citrus branches No. 1 | Framed Wall Art, Antique Botanical & Herbarium Canvas Print, Living Room De","Antique Botanical & Herbarium - Heirloom citrus branches No. 1 | Framed Wall Art, Antique Botanical & Herbarium Canvas Print, Living Room Decor

Transform your living space with Antique Botanical & Herbarium - Heirloom citrus branches No. 1. Printed on museum-grade heavyweight matte paper and encased in premium solid wood frames.

ABOUT THE COLLECTION:
Created to reflect the calming balance of Antique Botanical & Herbarium, combining Forest Moss, Eucalyptus Green, Antique Sepia, Old Ivory, Dried Rose tones to anchor modern interiors with refined elegance.

MUSEUM CRAFTSMANSHIP & MATERIALS:
• Paper: 250 gsm heavyweight museum-grade archival matte paper
• Framing: Handcrafted FSC-certified solid natural oak and pine wood
• Inks: 12-color Giclée pigment printing (100+ year anti-fade warranty)
• Fast Delivery: Printed and framed locally in 32 global hubs for 48–72h fast delivery

STYLING ADVICE:
Ideal as a statement hero piece above a sofa or headboard. Harmonizes beautifully with neutral boucle fabrics, natural wood accents, and warm ambient lighting.
",110.0,999,"antique botanical & herbarium wall art, framed canvas print, modern living room art, large statement art, neutral home decor, gallery wall art, bedroom wall decor, minimalist poster, terracotta art print, fine art giclee, sustainable wall art","Solid Natural Oak, Museum Archival Matte Paper 250 gsm, Giclee Pigment Inks",Antique Botanical & Herbarium,http://localhost:8000/static/products/antique-botanical-herbarium-heirloom-citrus-branches-no-1-52e6a9/living_room_oak.jpg,http://localhost:8000/static/products/antique-botanical-herbarium-heirloom-citrus-branches-no-1-52e6a9/bedroom_black.jpg,http://localhost:8000/static/products/antique-botanical-herbarium-heirloom-citrus-branches-no-1-52e6a9/framed_product.jpg,framed-poster_flat_wood_natural_24x36-in_200-gsm
"Mid-Century Bauhaus & Modernism - Intersecting geometric quadrants No. 2 | Framed Wall Art, Mid-Century Bauhaus & Modernism Canvas Print, Li","Mid-Century Bauhaus & Modernism - Intersecting geometric quadrants No. 2 | Framed Wall Art, Mid-Century Bauhaus & Modernism Canvas Print, Living Room Decor

Transform your living space with Mid-Century Bauhaus & Modernism - Intersecting geometric quadrants No. 2. Printed on museum-grade heavyweight matte paper and encased in premium solid wood frames.

ABOUT THE COLLECTION:
Created to reflect the calming balance of Mid-Century Bauhaus & Modernism, combining Deep Cobalt, Burnt Vermilion, Mustard Yellow, Matte Black, Warm Parchment tones to anchor modern interiors with refined elegance.

MUSEUM CRAFTSMANSHIP & MATERIALS:
• Paper: 250 gsm heavyweight museum-grade archival matte paper
• Framing: Handcrafted FSC-certified solid natural oak and pine wood
• Inks: 12-color Giclée pigment printing (100+ year anti-fade warranty)
• Fast Delivery: Printed and framed locally in 32 global hubs for 48–72h fast delivery

STYLING ADVICE:
Ideal as a statement hero piece above a sofa or headboard. Harmonizes beautifully with neutral boucle fabrics, natural wood accents, and warm ambient lighting.
",110.0,999,"mid-century bauhaus & modernism wall art, framed canvas print, modern living room art, large statement art, neutral home decor, gallery wall art, bedroom wall decor, minimalist poster, terracotta art print, fine art giclee, sustainable wall art","Solid Natural Oak, Museum Archival Matte Paper 250 gsm, Giclee Pigment Inks",Mid-Century Bauhaus & Modernism,http://localhost:8000/static/products/mid-century-bauhaus-modernism-intersecting-geometric-quadrants-no-2-e67409/living_room_oak.jpg,http://localhost:8000/static/products/mid-century-bauhaus-modernism-intersecting-geometric-quadrants-no-2-e67409/bedroom_black.jpg,http://localhost:8000/static/products/mid-century-bauhaus-modernism-intersecting-geometric-quadrants-no-2-e67409/framed_product.jpg,framed-poster_flat_wood_natural_24x36-in_200-gsm
"Japandi & Wabi-Sabi Minimalism - Organic textured stone arches No. 5 | Framed Wall Art, Japandi & Wabi-Sabi Minimalism Canvas Print, Living ","Japandi & Wabi-Sabi Minimalism - Organic textured stone arches No. 5 | Framed Wall Art, Japandi & Wabi-Sabi Minimalism Canvas Print, Living Room Decor

Transform your living space with Japandi & Wabi-Sabi Minimalism - Organic textured stone arches No. 5. Printed on museum-grade heavyweight matte paper and encased in premium solid wood frames.

ABOUT THE COLLECTION:
Created to reflect the calming balance of Japandi & Wabi-Sabi Minimalism, combining Terracotta, Warm Ochre, Charcoal Slate, Muted Sage, Raw Linen, Sandstone tones to anchor modern interiors with refined elegance.

MUSEUM CRAFTSMANSHIP & MATERIALS:
• Paper: 250 gsm heavyweight museum-grade archival matte paper
• Framing: Handcrafted FSC-certified solid natural oak and pine wood
• Inks: 12-color Giclée pigment printing (100+ year anti-fade warranty)
• Fast Delivery: Printed and framed locally in 32 global hubs for 48–72h fast delivery

STYLING ADVICE:
Ideal as a statement hero piece above a sofa or headboard. Harmonizes beautifully with neutral boucle fabrics, natural wood accents, and warm ambient lighting.
",110.0,999,"japandi & wabi-sabi minimalism wall art, framed canvas print, modern living room art, large statement art, neutral home decor, gallery wall art, bedroom wall decor, minimalist poster, terracotta art print, fine art giclee, sustainable wall art","Solid Natural Oak, Museum Archival Matte Paper 250 gsm, Giclee Pigment Inks",Japandi & Wabi-Sabi Minimalism,http://localhost:8000/static/products/japandi-wabi-sabi-minimalism-organic-textured-stone-arches-no-5-704d77/living_room_oak.jpg,http://localhost:8000/static/products/japandi-wabi-sabi-minimalism-organic-textured-stone-arches-no-5-704d77/bedroom_black.jpg,http://localhost:8000/static/products/japandi-wabi-sabi-minimalism-organic-textured-stone-arches-no-5-704d77/framed_product.jpg,framed-poster_flat_wood_natural_24x36-in_200-gsm
