Title,Description,Media URL,Link,Publish Date,Board
How to Style Amalfi Lemon Groves & Terracotta | Oak Print Studio,"Elevate your sanctuary with 'Amalfi Lemon Groves & Terracotta - Heirloom Amalfi lemon branch with leaves No. 5'. Museum-grade archival paper and handcrafted solid oak frames. 🚚 72h local worldwide shipping.

#homedecor #wallart #interiordesign",https://www.oakprintstudio.com/static/products/amalfi-lemon-groves-terracotta-heirloom-amalfi-lemon-branch-with-leaves-no-5-3927d3/living_room_oak.jpg,https://www.oakprintstudio.com/product/amalfi-lemon-groves-terracotta-heirloom-amalfi-lemon-branch-with-leaves-no-5-3927d3,Day 1 - 09:00 AM (Peak Pinterest Hours),Amalfi Lemon Groves & Terracotta Home Decor
How to Style Retro-Futuristic & Cyber Architecture | Oak Print Studio,"Elevate your sanctuary with 'Retro-Futuristic & Cyber Architecture - Isometric sky garden elevation No. 3'. Museum-grade archival paper and handcrafted solid oak frames. 🚚 72h local worldwide shipping.

#homedecor #wallart #interiordesign",https://www.oakprintstudio.com/static/products/retro-futuristic-cyber-architecture-isometric-sky-garden-elevation-no-3-25250b/living_room_oak.jpg,https://www.oakprintstudio.com/product/retro-futuristic-cyber-architecture-isometric-sky-garden-elevation-no-3-25250b,Day 2 - 09:00 AM (Peak Pinterest Hours),Retro-Futuristic & Cyber Architecture Home Decor
How to Style Zen Sumi-e & Enso Brush Studies | Oak Print Studio,"Elevate your sanctuary with 'Zen Sumi-e & Enso Brush Studies - Flowing bamboo reed wash No. 3'. Museum-grade archival paper and handcrafted solid oak frames. 🚚 72h local worldwide shipping.

#homedecor #wallart #interiordesign",https://www.oakprintstudio.com/static/products/zen-sumi-e-enso-brush-studies-flowing-bamboo-reed-wash-no-3-2db163/living_room_oak.jpg,https://www.oakprintstudio.com/product/zen-sumi-e-enso-brush-studies-flowing-bamboo-reed-wash-no-3-2db163,Day 3 - 09:00 AM (Peak Pinterest Hours),Zen Sumi-e & Enso Brush Studies Home Decor
How to Style Textured Abstract Expressionist Impasto | Oak Print Studio,"Elevate your sanctuary with 'Textured Abstract Expressionist Impasto - Layered charcoal and ochre impasto No. 10'. Museum-grade archival paper and handcrafted solid oak frames. 🚚 72h local worldwide shipping.

#homedecor #wallart #interiordesign",https://www.oakprintstudio.com/static/products/textured-abstract-expressionist-impasto-layered-charcoal-and-ochre-impasto-no-10-a484ae/living_room_oak.jpg,https://www.oakprintstudio.com/product/textured-abstract-expressionist-impasto-layered-charcoal-and-ochre-impasto-no-10-a484ae,Day 4 - 09:00 AM (Peak Pinterest Hours),Textured Abstract Expressionist Impasto Home Decor
How to Style Continuous Minimalist Line Art | Oak Print Studio,"Elevate your sanctuary with 'Continuous Minimalist Line Art - Seated figure minimalist line study No. 11'. Museum-grade archival paper and handcrafted solid oak frames. 🚚 72h local worldwide shipping.

#homedecor #wallart #interiordesign",https://www.oakprintstudio.com/static/products/continuous-minimalist-line-art-seated-figure-minimalist-line-study-no-11-3e0676/living_room_oak.jpg,https://www.oakprintstudio.com/product/continuous-minimalist-line-art-seated-figure-minimalist-line-study-no-11-3e0676,Day 5 - 09:00 AM (Peak Pinterest Hours),Continuous Minimalist Line Art Home Decor
How to Style French Herbarium & Pressed Botanicals | Oak Print Studio,"Elevate your sanctuary with 'French Herbarium & Pressed Botanicals - Eucalyptus cinerea leaf branch No. 2'. Museum-grade archival paper and handcrafted solid oak frames. 🚚 72h local worldwide shipping.

#homedecor #wallart #interiordesign",https://www.oakprintstudio.com/static/products/french-herbarium-pressed-botanicals-eucalyptus-cinerea-leaf-branch-no-2-7445cc/living_room_oak.jpg,https://www.oakprintstudio.com/product/french-herbarium-pressed-botanicals-eucalyptus-cinerea-leaf-branch-no-2-7445cc,Day 6 - 09:00 AM (Peak Pinterest Hours),French Herbarium & Pressed Botanicals Home Decor
How to Style Abstract Ethereal Watercolor Horizons | Oak Print Studio,"Elevate your sanctuary with 'Abstract Ethereal Watercolor Horizons - Sunset cloudbank gradient study No. 10'. Museum-grade archival paper and handcrafted solid oak frames. 🚚 72h local worldwide shipping.

#homedecor #wallart #interiordesign",https://www.oakprintstudio.com/static/products/abstract-ethereal-watercolor-horizons-sunset-cloudbank-gradient-study-no-10-026229/living_room_oak.jpg,https://www.oakprintstudio.com/product/abstract-ethereal-watercolor-horizons-sunset-cloudbank-gradient-study-no-10-026229,Day 7 - 09:00 AM (Peak Pinterest Hours),Abstract Ethereal Watercolor Horizons Home Decor
How to Style Art Deco Gatsby & Gilded Geometry | Oak Print Studio,"Elevate your sanctuary with 'Art Deco Gatsby & Gilded Geometry - Metropolitan skyscraper spire elevation No. 5'. Museum-grade archival paper and handcrafted solid oak frames. 🚚 72h local worldwide shipping.

#homedecor #wallart #interiordesign",https://www.oakprintstudio.com/static/products/art-deco-gatsby-gilded-geometry-metropolitan-skyscraper-spire-elevation-no-5-e34fe3/living_room_oak.jpg,https://www.oakprintstudio.com/product/art-deco-gatsby-gilded-geometry-metropolitan-skyscraper-spire-elevation-no-5-e34fe3,Day 8 - 09:00 AM (Peak Pinterest Hours),Art Deco Gatsby & Gilded Geometry Home Decor
How to Style Vintage Alpine & Mountain Solitude | Oak Print Studio,"Elevate your sanctuary with 'Vintage Alpine & Mountain Solitude - Vintage cable car over snowy ridge No. 7'. Museum-grade archival paper and handcrafted solid oak frames. 🚚 72h local worldwide shipping.

#homedecor #wallart #interiordesign",https://www.oakprintstudio.com/static/products/vintage-alpine-mountain-solitude-vintage-cable-car-over-snowy-ridge-no-7-62884c/living_room_oak.jpg,https://www.oakprintstudio.com/product/vintage-alpine-mountain-solitude-vintage-cable-car-over-snowy-ridge-no-7-62884c,Day 9 - 09:00 AM (Peak Pinterest Hours),Vintage Alpine & Mountain Solitude Home Decor
How to Style Moroccan Riad Architecture & Zellige | Oak Print Studio,"Elevate your sanctuary with 'Moroccan Riad Architecture & Zellige - Sun-bleached Marrakech arcade No. 10'. Museum-grade archival paper and handcrafted solid oak frames. 🚚 72h local worldwide shipping.

#homedecor #wallart #interiordesign",https://www.oakprintstudio.com/static/products/moroccan-riad-architecture-zellige-sun-bleached-marrakech-arcade-no-10-fb94f0/living_room_oak.jpg,https://www.oakprintstudio.com/product/moroccan-riad-architecture-zellige-sun-bleached-marrakech-arcade-no-10-fb94f0,Day 10 - 09:00 AM (Peak Pinterest Hours),Moroccan Riad Architecture & Zellige Home Decor
How to Style Minimalist Textured Plaster & Clay | Oak Print Studio,"Elevate your sanctuary with 'Minimalist Textured Plaster & Clay - Minimalist layered plaster wave No. 3'. Museum-grade archival paper and handcrafted solid oak frames. 🚚 72h local worldwide shipping.

#homedecor #wallart #interiordesign",https://www.oakprintstudio.com/static/products/minimalist-textured-plaster-clay-minimalist-layered-plaster-wave-no-3-e88b5b/living_room_oak.jpg,https://www.oakprintstudio.com/product/minimalist-textured-plaster-clay-minimalist-layered-plaster-wave-no-3-e88b5b,Day 11 - 09:00 AM (Peak Pinterest Hours),Minimalist Textured Plaster & Clay Home Decor
How to Style Antique Celestial & Astrolabe Charts | Oak Print Studio,"Elevate your sanctuary with 'Antique Celestial & Astrolabe Charts - Vintage northern hemisphere star chart No. 11'. Museum-grade archival paper and handcrafted solid oak frames. 🚚 72h local worldwide shipping.

#homedecor #wallart #interiordesign",https://www.oakprintstudio.com/static/products/antique-celestial-astrolabe-charts-vintage-northern-hemisphere-star-chart-no-11-e9048b/living_room_oak.jpg,https://www.oakprintstudio.com/product/antique-celestial-astrolabe-charts-vintage-northern-hemisphere-star-chart-no-11-e9048b,Day 12 - 09:00 AM (Peak Pinterest Hours),Antique Celestial & Astrolabe Charts Home Decor
How to Style Palm Springs & Desert Modernism | Oak Print Studio,"Elevate your sanctuary with 'Palm Springs & Desert Modernism - Desert agave against terracotta plaster No. 4'. Museum-grade archival paper and handcrafted solid oak frames. 🚚 72h local worldwide shipping.

#homedecor #wallart #interiordesign",https://www.oakprintstudio.com/static/products/palm-springs-desert-modernism-desert-agave-against-terracotta-plaster-no-4-e60884/living_room_oak.jpg,https://www.oakprintstudio.com/product/palm-springs-desert-modernism-desert-agave-against-terracotta-plaster-no-4-e60884,Day 13 - 09:00 AM (Peak Pinterest Hours),Palm Springs & Desert Modernism Home Decor
How to Style Nordic Abstract Flora & Foliage | Oak Print Studio,"Elevate your sanctuary with 'Nordic Abstract Flora & Foliage - Monstera leaf negative space abstraction No. 6'. Museum-grade archival paper and handcrafted solid oak frames. 🚚 72h local worldwide shipping.

#homedecor #wallart #interiordesign",https://www.oakprintstudio.com/static/products/nordic-abstract-flora-foliage-monstera-leaf-negative-space-abstraction-no-6-de3428/living_room_oak.jpg,https://www.oakprintstudio.com/product/nordic-abstract-flora-foliage-monstera-leaf-negative-space-abstraction-no-6-de3428,Day 14 - 09:00 AM (Peak Pinterest Hours),Nordic Abstract Flora & Foliage Home Decor
How to Style Modern Architectural & Geometry Schematics | Oak Print Studio,"Elevate your sanctuary with 'Modern Architectural & Geometry Schematics - Spiral staircase elevation study No. 10'. Museum-grade archival paper and handcrafted solid oak frames. 🚚 72h local worldwide shipping.

#homedecor #wallart #interiordesign",https://www.oakprintstudio.com/static/products/modern-architectural-geometry-schematics-spiral-staircase-elevation-study-no-10-0f470c/living_room_oak.jpg,https://www.oakprintstudio.com/product/modern-architectural-geometry-schematics-spiral-staircase-elevation-study-no-10-0f470c,Day 15 - 09:00 AM (Peak Pinterest Hours),Modern Architectural & Geometry Schematics Home Decor
How to Style Japanese Ukiyo-e & Modern Mokuhanga | Oak Print Studio,"Elevate your sanctuary with 'Japanese Ukiyo-e & Modern Mokuhanga - Tranquil koi pond water ripple No. 8'. Museum-grade archival paper and handcrafted solid oak frames. 🚚 72h local worldwide shipping.

#homedecor #wallart #interiordesign",https://www.oakprintstudio.com/static/products/japanese-ukiyo-e-modern-mokuhanga-tranquil-koi-pond-water-ripple-no-8-677344/living_room_oak.jpg,https://www.oakprintstudio.com/product/japanese-ukiyo-e-modern-mokuhanga-tranquil-koi-pond-water-ripple-no-8-677344,Day 16 - 09:00 AM (Peak Pinterest Hours),Japanese Ukiyo-e & Modern Mokuhanga Home Decor
How to Style Vintage French Riviera & Mid-Century Travel | Oak Print Studio,"Elevate your sanctuary with 'Vintage French Riviera & Mid-Century Travel - Monaco coastal serpentine road No. 12'. Museum-grade archival paper and handcrafted solid oak frames. 🚚 72h local worldwide shipping.

#homedecor #wallart #interiordesign",https://www.oakprintstudio.com/static/products/vintage-french-riviera-mid-century-travel-monaco-coastal-serpentine-road-no-12-58f5ff/living_room_oak.jpg,https://www.oakprintstudio.com/product/vintage-french-riviera-mid-century-travel-monaco-coastal-serpentine-road-no-12-58f5ff,Day 17 - 09:00 AM (Peak Pinterest Hours),Vintage French Riviera & Mid-Century Travel Home Decor
How to Style Dark Academia & Textured Renaissance | Oak Print Studio,"Elevate your sanctuary with 'Dark Academia & Textured Renaissance - Textured vintage oil study No. 2'. Museum-grade archival paper and handcrafted solid oak frames. 🚚 72h local worldwide shipping.

#homedecor #wallart #interiordesign",https://www.oakprintstudio.com/static/products/dark-academia-textured-renaissance-textured-vintage-oil-study-no-2-7fc8fb/living_room_oak.jpg,https://www.oakprintstudio.com/product/dark-academia-textured-renaissance-textured-vintage-oil-study-no-2-7fc8fb,Day 18 - 09:00 AM (Peak Pinterest Hours),Dark Academia & Textured Renaissance Home Decor
How to Style Mediterranean Terracotta & Coastal Ease | Oak Print Studio,"Elevate your sanctuary with 'Mediterranean Terracotta & Coastal Ease - Sun-bleached linen balconies No. 1'. Museum-grade archival paper and handcrafted solid oak frames. 🚚 72h local worldwide shipping.

#homedecor #wallart #interiordesign",https://www.oakprintstudio.com/static/products/mediterranean-terracotta-coastal-ease-sun-bleached-linen-balconies-no-1-02a5c3/living_room_oak.jpg,https://www.oakprintstudio.com/product/mediterranean-terracotta-coastal-ease-sun-bleached-linen-balconies-no-1-02a5c3,Day 19 - 09:00 AM (Peak Pinterest Hours),Mediterranean Terracotta & Coastal Ease Home Decor
How to Style Antique Botanical & Herbarium | Oak Print Studio,"Elevate your sanctuary with 'Antique Botanical & Herbarium - Medicinal alpine flora No. 6'. Museum-grade archival paper and handcrafted solid oak frames. 🚚 72h local worldwide shipping.

#homedecor #wallart #interiordesign",https://www.oakprintstudio.com/static/products/antique-botanical-herbarium-medicinal-alpine-flora-no-6-dd223a/living_room_oak.jpg,https://www.oakprintstudio.com/product/antique-botanical-herbarium-medicinal-alpine-flora-no-6-dd223a,Day 20 - 09:00 AM (Peak Pinterest Hours),Antique Botanical & Herbarium Home Decor
How to Style Mid-Century Bauhaus & Modernism | Oak Print Studio,"Elevate your sanctuary with 'Mid-Century Bauhaus & Modernism - Abstract architectural elevations No. 9'. Museum-grade archival paper and handcrafted solid oak frames. 🚚 72h local worldwide shipping.

#homedecor #wallart #interiordesign",https://www.oakprintstudio.com/static/products/mid-century-bauhaus-modernism-abstract-architectural-elevations-no-9-3e4184/living_room_oak.jpg,https://www.oakprintstudio.com/product/mid-century-bauhaus-modernism-abstract-architectural-elevations-no-9-3e4184,Day 21 - 09:00 AM (Peak Pinterest Hours),Mid-Century Bauhaus & Modernism Home Decor
How to Style Japandi & Wabi-Sabi Minimalism | Oak Print Studio,"Elevate your sanctuary with 'Japandi & Wabi-Sabi Minimalism - Organic textured stone arches No. 6'. Museum-grade archival paper and handcrafted solid oak frames. 🚚 72h local worldwide shipping.

#homedecor #wallart #interiordesign",https://www.oakprintstudio.com/static/products/japandi-wabi-sabi-minimalism-organic-textured-stone-arches-no-6-fe817f/living_room_oak.jpg,https://www.oakprintstudio.com/product/japandi-wabi-sabi-minimalism-organic-textured-stone-arches-no-6-fe817f,Day 22 - 09:00 AM (Peak Pinterest Hours),Japandi & Wabi-Sabi Minimalism Home Decor
How to Style Amalfi Lemon Groves & Terracotta | Oak Print Studio,"Elevate your sanctuary with 'Amalfi Lemon Groves & Terracotta - Terracotta terrace overlooking Capri No. 1'. Museum-grade archival paper and handcrafted solid oak frames. 🚚 72h local worldwide shipping.

#homedecor #wallart #interiordesign",https://www.oakprintstudio.com/static/products/amalfi-lemon-groves-terracotta-terracotta-terrace-overlooking-capri-no-1-4435d2/living_room_oak.jpg,https://www.oakprintstudio.com/product/amalfi-lemon-groves-terracotta-terracotta-terrace-overlooking-capri-no-1-4435d2,Day 23 - 09:00 AM (Peak Pinterest Hours),Amalfi Lemon Groves & Terracotta Home Decor
How to Style Retro-Futuristic & Cyber Architecture | Oak Print Studio,"Elevate your sanctuary with 'Retro-Futuristic & Cyber Architecture - Futuristic metropolis transit arch No. 5'. Museum-grade archival paper and handcrafted solid oak frames. 🚚 72h local worldwide shipping.

#homedecor #wallart #interiordesign",https://www.oakprintstudio.com/static/products/retro-futuristic-cyber-architecture-futuristic-metropolis-transit-arch-no-5-2717ab/living_room_oak.jpg,https://www.oakprintstudio.com/product/retro-futuristic-cyber-architecture-futuristic-metropolis-transit-arch-no-5-2717ab,Day 24 - 09:00 AM (Peak Pinterest Hours),Retro-Futuristic & Cyber Architecture Home Decor
How to Style Zen Sumi-e & Enso Brush Studies | Oak Print Studio,"Elevate your sanctuary with 'Zen Sumi-e & Enso Brush Studies - Misty mountain single pine brushstroke No. 2'. Museum-grade archival paper and handcrafted solid oak frames. 🚚 72h local worldwide shipping.

#homedecor #wallart #interiordesign",https://www.oakprintstudio.com/static/products/zen-sumi-e-enso-brush-studies-misty-mountain-single-pine-brushstroke-no-2-d92373/living_room_oak.jpg,https://www.oakprintstudio.com/product/zen-sumi-e-enso-brush-studies-misty-mountain-single-pine-brushstroke-no-2-d92373,Day 25 - 09:00 AM (Peak Pinterest Hours),Zen Sumi-e & Enso Brush Studies Home Decor
How to Style Textured Abstract Expressionist Impasto | Oak Print Studio,"Elevate your sanctuary with 'Textured Abstract Expressionist Impasto - Balanced gestural brush mark study No. 2'. Museum-grade archival paper and handcrafted solid oak frames. 🚚 72h local worldwide shipping.

#homedecor #wallart #interiordesign",https://www.oakprintstudio.com/static/products/textured-abstract-expressionist-impasto-balanced-gestural-brush-mark-study-no-2-5f0cb1/living_room_oak.jpg,https://www.oakprintstudio.com/product/textured-abstract-expressionist-impasto-balanced-gestural-brush-mark-study-no-2-5f0cb1,Day 26 - 09:00 AM (Peak Pinterest Hours),Textured Abstract Expressionist Impasto Home Decor
How to Style Continuous Minimalist Line Art | Oak Print Studio,"Elevate your sanctuary with 'Continuous Minimalist Line Art - Botanical vase continuous brushstroke No. 8'. Museum-grade archival paper and handcrafted solid oak frames. 🚚 72h local worldwide shipping.

#homedecor #wallart #interiordesign",https://www.oakprintstudio.com/static/products/continuous-minimalist-line-art-botanical-vase-continuous-brushstroke-no-8-e965c5/living_room_oak.jpg,https://www.oakprintstudio.com/product/continuous-minimalist-line-art-botanical-vase-continuous-brushstroke-no-8-e965c5,Day 27 - 09:00 AM (Peak Pinterest Hours),Continuous Minimalist Line Art Home Decor
How to Style French Herbarium & Pressed Botanicals | Oak Print Studio,"Elevate your sanctuary with 'French Herbarium & Pressed Botanicals - Pressed woodland fern specimen plate No. 6'. Museum-grade archival paper and handcrafted solid oak frames. 🚚 72h local worldwide shipping.

#homedecor #wallart #interiordesign",https://www.oakprintstudio.com/static/products/french-herbarium-pressed-botanicals-pressed-woodland-fern-specimen-plate-no-6-47a47a/living_room_oak.jpg,https://www.oakprintstudio.com/product/french-herbarium-pressed-botanicals-pressed-woodland-fern-specimen-plate-no-6-47a47a,Day 28 - 09:00 AM (Peak Pinterest Hours),French Herbarium & Pressed Botanicals Home Decor
How to Style Abstract Ethereal Watercolor Horizons | Oak Print Studio,"Elevate your sanctuary with 'Abstract Ethereal Watercolor Horizons - Abstract rolling fog foothills No. 8'. Museum-grade archival paper and handcrafted solid oak frames. 🚚 72h local worldwide shipping.

#homedecor #wallart #interiordesign",https://www.oakprintstudio.com/static/products/abstract-ethereal-watercolor-horizons-abstract-rolling-fog-foothills-no-8-c60fd3/living_room_oak.jpg,https://www.oakprintstudio.com/product/abstract-ethereal-watercolor-horizons-abstract-rolling-fog-foothills-no-8-c60fd3,Day 29 - 09:00 AM (Peak Pinterest Hours),Abstract Ethereal Watercolor Horizons Home Decor
How to Style Art Deco Gatsby & Gilded Geometry | Oak Print Studio,"Elevate your sanctuary with 'Art Deco Gatsby & Gilded Geometry - Art deco lotus fountain motif No. 8'. Museum-grade archival paper and handcrafted solid oak frames. 🚚 72h local worldwide shipping.

#homedecor #wallart #interiordesign",https://www.oakprintstudio.com/static/products/art-deco-gatsby-gilded-geometry-art-deco-lotus-fountain-motif-no-8-ab47b9/living_room_oak.jpg,https://www.oakprintstudio.com/product/art-deco-gatsby-gilded-geometry-art-deco-lotus-fountain-motif-no-8-ab47b9,Day 30 - 09:00 AM (Peak Pinterest Hours),Art Deco Gatsby & Gilded Geometry Home Decor
